STN_ID,STN_KO,STN_SP,LON,LAT,HT,FCT_ID,WRN_ID
90,속초,41211110,128.56473,38.25085,17.53,11D20402,------
92,양양(공),20111000,128.66298,38.05903,75.4,11D20403,------
93,북춘천,41211111,127.75443,37.94738,95.78,11D10301,------
95,철원,41211110,127.3042,38.14787,155.48,11D10101,------
96,독도,01111100,131.86983,37.23952,99.08,11E00102,L1072100
98,동두천,41211110,127.0607,37.90188,115.62,11B20401,L1011100
99,파주,41211110,126.76648,37.88589,30.59,11B20305,L1011800
100,대관령,41211110,128.71834,37.67713,772.43,11D20200,------
101,춘천,41211111,127.7357,37.90262,75.82,11D10301,------
102,백령도,41211110,124.71237,37.97396,36.0,11A00101,L1014100
104,북강릉,41211111,128.85535,37.80456,75.24,11D20501,------
105,강릉,41211111,128.89099,37.75147,27.12,11D20501,------
106,동해,41211110,129.12433,37.50709,40.46,11D20601,------
108,서울,41211111,126.9658,37.57142,85.67,11B10101,L1010100
110,김포(공),20111000,126.79451,37.55891,11.38,11B10101,L1010100
112,인천,41211111,126.6249,37.47772,68.99,11B20201,L1010800
113,인천(공),20111000,126.44087,37.4625,7.1,11B20201,L1010800
114,원주,41211110,127.94659,37.33749,150.11,11D10401,------
115,울릉도,41211111,130.89863,37.48129,221.14,11E00101,L1072100
116,관악(레),01111000,126.96402,37.44526,624.82,11B10102,L1010300
119,수원,X1211111,126.983,37.25746,39.81,11B20601,L1011900
121,영월,41211210,128.45743,37.18126,240.54,11D10501,------
127,충주,41211110,127.9525,36.97045,114.85,11C10101,L1040800
128,청주(공) *,20111000,127.5,36.71666667,58.0,11C10301,L1040100
129,서산,X1211111,126.4939,36.77658,25.25,11C20101,L1031300
130,울진,41211210,129.41278,36.99176,48.98,11H10101,L1072310
131,청주,41211110,127.44066,36.63924,58.7,11C10301,L1040100
133,대전,41211111,127.3721,36.37199,67.79,11C20401,L1030100
135,추풍령,41211110,127.99458,36.22025,244.98,11C10401,L1040700
136,안동,41211110,128.70733,36.57293,141.26,11H10501,L1071500
137,상주,41211110,128.15741,36.40837,96.58,11H10302,L1071200
138,포항,41211111,129.38002,36.03201,3.94,11H10201,L1072400
139,포항(공) *,20111000,129.4167,35.9833,21.0,11H10201,L1072400
140,군산,41211000,126.76135,36.0053,27.85,21F10501,L1060300
142,대구(공) *,20111000,128.66111111,35.89083333,35.4,11H10701,L1070100
143,대구,41211110,128.65296,35.87797,54.27,11H10701,L1070100
146,전주,41211110,127.11718,35.84092,60.44,11F10201,L1061300
151,울산(공),20111000,129.35222222,35.59333333,12.6,11H20101,L1082900
152,울산,41211110,129.33469,35.58237,81.14,11H20101,L1082900
153,김해(공) *,20111000,128.93444444,35.16916667,4.0,11H20201,L1082600
155,창원,41211110,128.57282,35.17019,34.97,11H20301,L1080600
156,광주,41211110,126.89156,35.17294,70.28,11F20501,L1050100
158,광주(공) *,20111000,126.81166666,35.125,12.8,11F20501,L1050100
159,부산,41211111,129.03203,35.10468,69.56,11H20201,L1082600
160,부산(레),01110000,128.99995,35.11882,512.0,11H20201,L1082600
161,사천(공) *,20111000,128.06666666,35.08333333,8.0,11H20402,L1082100
162,통영,41211110,128.43561,34.84541,31.24,11H20401,L1082000
163,무안(공),20111000,126.38305555,34.99138888,10.9,21F20804,L1051800
165,목포,41211111,126.38151,34.81732,44.7,21F20801,L1052100
167,여수(공),20111000,127.6125,34.84666667,17.9,11F20401,L1051000
168,여수,41211111,127.74063,34.73929,65.93,11F20401,L1051000
169,흑산도,41211110,125.45105,34.68719,75.12,11F20701,L1052400
170,완도,41211110,126.70182,34.3959,35.37,11F20301,L1051600
172,고창,41211110,126.599,35.34824,52.42,21F10601,L1060100
174,순천,41211210,127.3694,35.0204,165.0,11F20603,L1051200
175,진도(레),01111000,126.3238,34.47211,478.51,21F20201,L1052300
177,홍성,41211110,126.68772,36.65759,27.74,11C20104,L1031600
181,서청주,41211110,127.38466,36.64002,32.0,11C10301,L1040100
182,제주(공),20111000,126.5,33.51666667,26.5,11G00200,L1090700
184,제주,41211111,126.52969,33.51411,20.79,11G00200,L1090700
185,고산,41211110,126.16283,33.29382,71.39,11G00500,L1090600
188,성산,41211210,126.8802,33.38677,20.34,11G00100,L1090800
189,서귀포,41211110,126.5653,33.24616,51.86,11G00400,L1090900
192,진주,41211110,128.04004,35.16378,29.35,11H20701,L1081400
201,강화,41211210,126.44634,37.70739,47.84,11B20101,L1010900
202,양평,41211210,127.49446,37.48863,47.26,11B20503,L1013500
203,이천,41211210,127.48421,37.26399,80.09,11B20701,L1013000
211,인제,41211210,128.16714,38.05986,201.78,11D10201,------
212,홍천,41211210,127.88043,37.6836,140.2,11D10302,------
216,태백,41211110,128.98929,37.17038,714.45,11D20301,------
217,정선군,41211211,128.67348,37.37732,312.0,11D10502,------
221,제천,41211210,128.19433,37.15928,264.62,11C10201,L1040900
226,보은,41211210,127.73415,36.48761,171.31,11C10302,L1040300
229,북격렬비도 *,01111200,125.55954,36.62544,104.81,11C20102,L1031100
230,덕적북리,01211000,126.10297,37.2645,12.0,11B20201,L1010800
232,천안,41211210,127.29282,36.76217,84.78,11C20301,L1030200
235,보령,41211110,126.55744,36.32724,9.98,11C20201,L1031400
236,부여,41211210,126.92079,36.27242,13.42,11C20501,L1030800
238,금산,41211210,127.48175,36.10563,172.69,11C20601,L1030600
239,세종,41211110,127.24438,36.48522,89.5,11C20404,L1031800
243,부안,41211210,126.71657,35.72961,12.2,21F10602,L1060200
244,임실,41211210,127.28556,35.61203,247.04,11F10402,L1060900
245,정읍,41211110,126.83904,35.56337,68.7,11F10203,L1061200
247,남원,41211210,127.39652,35.4213,133.49,11F10401,L1061400
248,장수,41211210,127.52031,35.65696,406.87,11F10301,L1060800
251,고창군,41211111,126.697,35.42661,58.84,21F10601,L1060100
252,영광군,31211111,126.47784,35.28366,37.2,21F20102,L1052000
253,김해시,41211111,128.89075,35.22981,54.59,11H20300,11H20300
254,순창군,41211111,127.1286,35.37131,129.38,11F10403,L1061000
255,북창원,41211111,128.6726,35.22655,50.95,11H20301,L1080600
257,양산시,41211111,129.02009,35.30737,6.29,11H20102,L1080500
258,보성군,X1211111,127.21226,34.76335,1.41,11F20404,L1050900
259,강진군,41211111,126.78408,34.64457,16.0,11F20303,L1051400
260,장흥,31211210,126.91951,34.68886,43.99,11F20304,L1051300
261,해남,31211210,126.56907,34.55375,16.36,11F20302,L1051500
262,고흥,41211110,127.27572,34.61826,51.91,11F20403,L1050800
263,의령군,41211111,128.28812,35.32258,14.1,11H20602,L1081100
264,함양군,41211111,127.74538,35.51138,152.07,11H20502,L1081800
266,광양시,41211111,127.6914,34.9434,88.21,11F20402,L1051100
268,진도군,41211210,126.25846,34.47296,9.82,21F20201,L1052300
269,안마도,01211000,126.0305,35.3469,28.0,21F20102,L1052000
271,봉화,41211210,128.91449,36.94361,324.67,11H10402,L1072010
272,영주,41211210,128.51687,36.87183,211.32,11H10401,L1071600
273,문경,41211210,128.14879,36.62727,173.01,11H10301,L1071300
276,청송군,41211111,129.04005,36.4351,208.65,11H10503,L1071800
277,영덕,41211210,129.40926,36.53337,40.71,11H10102,L1072200
278,의성,41211210,128.68864,36.3561,81.44,11H10502,L1071700
279,구미,31211210,128.32055,36.13055,49.17,11H10602,L1070300
281,영천,41211210,128.9514,35.97742,96.12,11H10702,L1070400
283,경주시,41211111,129.20123,35.81747,40.13,11H10202,L1072500
284,거창,41211210,127.9099,35.66739,228.45,11H20502,L1081800
285,합천,41211210,128.16994,35.56505,26.72,11H20503,L1081900
288,밀양,41211210,128.74412,35.49147,8.31,11H20601,L1081000
289,산청,41211210,127.8791,35.413,138.22,11H20703,L1081600
294,거제,41211210,128.60459,34.88818,44.83,11H20403,L1082200
295,남해,41211210,127.92641,34.81662,45.71,11H20405,L1082400
296,북부산,41111110,128.96024,35.21778,3.0,11H20201,L1082600
300,말도,01111000,126.31507,35.85799,44.18,21F10501,L1060300
301,임자도,01111000,126.11638,35.09511,9.0,21F20803,L1052200
302,장산도,11111000,126.18264,34.64274,6.0,21F20803,L1052200
303,가거도,01111000,125.09741,34.07275,105.88,11F20701,L1052400
304,신지도,01111000,126.84849,34.31801,25.41,11F20301,L1051600
305,여서도,01111000,126.92009,33.98622,34.96,11F20301,L1051600
306,소리도,01111000,127.8011,34.43185,3.04,11F20401,L1051000
308,옥도,01111000,126.07303,34.68703,8.23,21F20803,L1052200
309,판문점,01111000,126.6866,37.9464,25.0,11B20305,L1011800
310,궁촌,01111000,129.26472,37.32471,14.07,11D20602,------
311,가야산,01111000,128.08673,35.78915,605.47,11H20503,L1081900
312,주왕산,01111000,129.14128,36.39314,262.19,11H10503,L1071800
313,양지암,01111000,128.74127,34.88208,70.0,11H20403,L1082200
314,설천봉,01111000,127.74312,35.86621,1515.31,11F10302,L1060700
315,성삼재,01111000,127.51079,35.30673,1087.86,11F20601,L1050500
316,무등산,11111000,126.99743,35.11438,911.53,11F20501,L1050100
317,구이,01111000,127.11418,35.72951,105.92,11F10204,L1060500
318,평창용산,11111000,128.68202,37.65315,852.0,11D20200,------
319,천부,01111000,130.87084,37.53726,58.05,11E00101,L1072100
320,향로봉,01111000,128.31375,38.33104,1263.88,11D20100,------
321,원통,01111000,128.1963,38.1147,253.72,11D20100,------
322,상서,01111000,127.68573,38.23158,437.0,11D10102,------
323,마현,01111000,127.52551,38.27268,276.0,11D10101,------
324,송계,01111000,128.07446,36.91019,155.91,11C10201,L1040900
325,백운,01111000,128.02526,37.14449,231.26,11C10201,L1040900
326,용문산,01111000,127.61126,37.54553,191.01,11B20503,L1013500
327,청주금천,01111000,127.51278,36.62611,97.0,11C10301,L1040100
328,상예,01111000,126.39838,33.2505,61.0,11G00400,L1090900
329,산천단,01111000,126.56546,33.44734,377.0,11G00900,11G00900
330,대흘,01111000,126.64947,33.50081,144.41,11G00200,L1090700
331,제주색달,01111000,126.42053,33.29554,431.0,11G01000,11G01000
344,칠성,01111000,127.84728,36.78757,116.01,11C10303,L1040400
347,귀래,01111000,127.85685,37.22755,152.0,11D10401,------
348,하조대,01110000,128.71678,38.02572,6.1,11D20403,------
349,시동,01111000,127.84308,37.59997,275.0,11D10302,------
350,조침령,01111000,128.49556,37.99534,607.0,11D20100,------
351,남면,A1100000,126.9768,37.8978,126.71,11B20304,L1011600
352,장흥면,A1100000,126.9436,37.7156,163.0,11B20304,L1011600
355,서탄면,A1110000,127.0364,37.1136,39.0,11B20606,L1012500
356,고덕면,A1110000,127.0183,37.0481,32.0,11B20606,L1012500
358,현덕면,A1110000,126.9214,36.9672,35.0,11B20606,L1012500
359,선단동,A1110000,127.1592,37.8542,114.0,11B20403,L1011300
360,내촌면,A1110000,127.2283,37.7861,119.0,11B20403,L1011300
361,영중면,A1110000,127.2447,38.0053,85.0,11B20403,L1011300
364,분당구,A1110000,127.11901,37.38276,55.7,11B20605,L1012000
365,석수동,A1110000,126.89514,37.40925,30.13,11B20602,L1012100
366,오전동 *,A1110000,127.00697,37.39355,104.29,11B20609,L1012700
367,신현동,A1110000,126.78457,37.40617,16.86,11B20202,L1010500
368,수택동,A1110000,127.15029,37.59924,36.85,11B20501,L1012200
369,수리산길,A1110000,126.91692,37.36404,124.68,11B20610,L1012600
370,이동어비,A1100000,127.22159,37.11568,55.38,11B20612,L1012900
371,기흥구갈,A1100000,127.11452,37.28045,101.62,11B20612,L1012900
372,은현면,A1100000,127.0267,37.8722,108.0,11B20304,L1011600
373,남방,A1100000,127.0458,37.7706,163.0,11B20304,L1011600
374,청북,A1110000,126.9706,37.0467,50.4,11B20606,L1012500
375,백석읍,A1100000,126.9875,37.7919,150.0,11B20304,L1011600
376,광명노온,01111000,126.85895,37.44738,68.57,11B10103,L1010200
377,안양만안,01111000,126.89194,37.39523,28.0,11B20602,L1012100
378,정림,01111000,127.36278,36.30361,71.19,11C20401,L1030100
379,번암,01111000,127.5463,35.54046,292.0,11F10301,L1060800
400,강남,01110000,127.08162,37.4982,12.66,11B10101,L1010100
401,서초,01111000,127.02601,37.48462,33.05,11B10101,L1010100
402,강동,01111000,127.14498,37.55556,55.29,11B10101,L1010100
403,송파 *,01111000,127.0967,37.51151,58.26,11B10101,L1010100
404,강서,01111000,126.82953,37.5739,9.3,11B10101,L1010100
405,양천,01111000,126.87937,37.52823,22.75,11B10101,L1010100
406,도봉,01111000,127.03042,37.66557,56.65,11B10101,L1010100
407,노원,01111000,127.09192,37.62186,25.3,11B10101,L1010100
408,동대문,01111000,127.06036,37.58463,53.96,11B10101,L1010100
409,중랑,01111000,127.08682,37.58551,39.09,11B10101,L1010100
410,기상청,01111000,126.91746,37.4933,41.76,11B10101,L1010100
411,마포,01111000,126.92915,37.55165,100.67,11B10101,L1010100
412,서대문,01111000,126.94078,37.57047,103.08,11B10101,L1010100
413,광진,01111000,127.08601,37.53344,29.91,11B10101,L1010100
414,성북,01111000,126.99981,37.61134,128.62,11B10101,L1010100
415,용산,01111000,126.97629,37.51955,31.73,11B10101,L1010100
416,은평,01111000,126.94273,37.64647,55.0,11B10101,L1010100
417,금천,01111000,126.90016,37.46551,45.0,11B10101,L1010100
418,한강,01110000,126.93904,37.52489,10.66,11B10101,L1010100
419,중구,01111000,126.98736,37.55236,267.05,11B10101,L1010100
421,성동,01111000,127.03885,37.54721,34.73,11B10101,L1010100
423,구로,01111000,126.82629,37.49328,56.08,11B10101,L1010100
424,강북,01111000,127.00981,37.63801,69.8,11B10101,L1010100
425,남현,01111000,126.98154,37.46347,113.0,11B10101,L1010100
426,백령(레),01111000,124.63048,37.96611,147.29,11A00101,L1014100
427,김포장기,01111000,126.67343,37.64279,10.54,11B20102,L1010700
428,하남덕풍,01111000,127.21278,37.55124,23.73,11B20504,L1012800
429,부천원미,W0000000,126.7636,37.50059,15.67,11B20204,L1010600
430,경기,A1110000,127.00971,37.27464,90.33,11B20601,L1011900
431,신곡,A1110000,127.07179,37.74874,52.95,11B20301,L1011700
432,향남,A1100000,126.92063,37.13087,43.84,11B20604,L1013200
433,부천,A1110000,126.7636,37.50059,15.67,11B20204,L1010600
434,안양,A1110000,126.95685,37.39436,77.92,11B20602,L1012100
435,고잔,A1110000,126.83397,37.32713,73.0,11B20203,L1010400
436,처인역삼,A1110000,127.18839,37.23444,110.83,11B20612,L1012900
437,광명,A1110000,126.86531,37.47867,52.69,11B10103,L1010200
438,군포,A1110000,126.93534,37.36148,84.71,11B20610,L1012600
439,진안 *,A1110000,127.0357,37.20877,43.15,11B20604,L1013200
440,설봉,A1110000,127.44063,37.27839,87.3,11B20701,L1013000
441,김포,A1100000,126.76244,37.60758,28.0,11B20102,L1010700
442,지월,A1111000,127.28566,37.43277,37.41,11B20702,L1013400
443,보개,A1110000,127.30633,37.03307,66.04,11B20611,L1013100
444,하남,A1110000,127.21367,37.53794,27.68,11B20504,L1012800
445,의왕,A1110000,126.96884,37.34452,80.4,11B20609,L1012700
446,남촌,A1110000,127.06373,37.14031,17.48,11B20603,L1012400
447,북내,A1110000,127.4036,37.1947,89.04,11B20703,L1013300
448,산북,A1110000,127.275,37.2408,217.47,11B20703,L1013300
449,옥천,A1110000,127.44809,37.51002,32.0,11B20503,L1013500
450,주교,A1110000,126.84896,37.59834,45.34,11B20302,L1011500
451,오남,A1110000,127.20483,37.69851,87.99,11B20502,L1012300
452,신북,A1110000,127.22638,37.93408,95.19,11B20403,L1011300
453,소하,A1110000,126.89644,37.44205,15.28,11B10103,L1010200
454,하봉암,A1110000,127.06693,37.97426,70.71,11B20401,L1011100
455,경기가평,A1110000,127.50083,37.84598,71.8,11B20404,L1011400
456,연천,A1110000,127.07564,38.09632,73.31,11B20402,L1011200
457,춘궁 *,A1110000,127.19412,37.522,55.27,11B20504,L1012800
458,퇴촌 *,A1110000,127.30579,37.4747,44.59,11B20702,L1013400
459,오포,A1110000,127.19675,37.34545,87.77,11B20702,L1013400
460,실촌 *,A1110000,127.40541,37.36887,87.77,11B20702,L1013400
461,마장,A1110000,127.35799,37.24896,109.89,11B20701,L1013000
462,모가,A1110000,127.48022,37.17172,91.21,11B20701,L1013000
463,흥천 *,A1100000,127.3255,37.1951,48.31,11B20703,L1013300
464,점동,A1110000,127.3939,37.1214,68.36,11B20703,L1013300
465,가남,A1110000,127.3254,37.1212,62.7,11B20703,L1013300
466,금사 *,A1110000,127.3203,37.2323,31.11,11B20703,L1013300
467,양성,A1110000,127.21575,37.09414,45.78,11B20611,L1013100
468,서운,A1110000,127.25925,36.94309,53.8,11B20611,L1013100
469,일죽 *,A1110000,127.43375,37.14071,100.47,11B20611,L1013100
470,고삼,A1110000,127.26962,37.08056,41.0,11B20611,L1013100
471,송탄,A1110000,127.06491,37.06639,63.05,11B20606,L1012500
472,포승,A1110000,126.85475,36.9845,18.99,11B20606,L1012500
473,가산,A1110000,127.18636,37.84864,134.7,11B20403,L1011300
474,영북,A1110000,127.2755,38.08909,142.87,11B20403,L1011300
475,관인,A1110000,127.2512,38.15774,185.81,11B20403,L1011300
476,화현,A1110000,127.28831,37.90132,151.72,11B20403,L1011300
477,상패 *,A1110000,127.0441,37.9056,71.43,11B20401,L1011100
478,왕징,A1110000,127.01279,38.05857,37.3,11B20402,L1011200
479,장남,A1110000,126.88427,37.98183,33.36,11B20402,L1011200
480,미산,A1110000,126.99289,38.04743,42.35,11B20402,L1011200
481,탄현,A1110000,126.71624,37.80246,20.91,11B20305,L1011800
482,광탄,A1110000,126.85131,37.77602,42.86,11B20305,L1011800
483,진동,A1110000,126.78913,37.92526,18.08,11B20305,L1011800
484,창현,A1110000,127.31645,37.64656,122.04,11B20502,L1012300
485,신천 *,A1110000,127.49483,37.67617,75.61,11B20404,L1011400
486,외서,A1110000,127.41448,37.73474,49.88,11B20404,L1011400
487,대곶,A1110000,126.55229,37.64527,13.0,11B20102,L1010700
488,송산,A1110000,126.73004,37.21819,49.15,11B20604,L1013200
489,서신,A1110000,126.70881,37.16658,25.46,11B20604,L1013200
491,군남,A1100000,127.0208333,38.0822222,39.0,11B20402,L1011200
492,학온동,A1110000,126.85136,37.41553,54.08,11B10103,L1010200
493,송악,01111000,127.00805,36.73615,35.0,11C20302,L1030400
494,세종고운,01111000,127.24028,36.53083,106.02,11C20404,L1031800
495,공도,01110000,127.16254,36.98062,13.0,11B20611,L1013100
496,세종금남,01110000,127.26876,36.45853,27.23,11C20404,L1031800
497,삽당령,01111000,128.85147,37.57516,660.4,11D20200,------
498,구룡령,11111000,128.51447,37.87925,1018.68,11D20200,------
499,중면,01111000,127.02354,38.13608,53.7,11B20402,L1011200
500,양도,01111000,126.47015,37.66571,48.0,11B20101,L1010900
501,대연평,01111000,125.69819,37.65891,7.63,11A00100,11A00100
502,교동,01111000,126.29164,37.78944,13.94,11B20101,L1010900
503,도라산,01111000,126.71193,37.90804,18.29,11B20305,L1011800
504,포천,01111000,127.18073,37.87035,105.14,11B20403,L1011300
505,가평조종,01111000,127.34543,37.82439,170.45,11B20404,L1011400
506,파주금촌,01111000,126.77693,37.74823,12.88,11B20305,L1011800
507,창수,01111000,127.14358,38.02479,76.06,11B20403,L1011300
508,왕산,01111000,126.36093,37.46649,140.91,11B20201,L1010800
509,관악,01111000,126.95015,37.45284,141.64,11B10101,L1010100
510,영등포 *,01111000,126.90705,37.52706,25.38,11B10101,L1010100
511,경서동,01111000,126.6351,37.5675,7.13,11B20201,L1010800
512,인천연수,01111000,126.66209,37.39684,8.13,11B20201,L1010800
513,덕적지도,01111000,126.01427,37.06551,29.53,11B20201,L1010800
514,대부도,01111000,126.5787,37.23767,10.0,11B20203,L1010400
515,운평,01110000,126.77389,37.08453,10.47,11B20604,L1013200
516,안성,01111000,127.25017,37.00371,23.92,11B20611,L1013100
517,간성,01111000,128.47523,38.3851,6.0,11D20402,------
518,해안,11111000,128.1211,38.26958,468.47,11D20100,------
519,사내,01111000,127.51941,38.07545,298.11,11D10102,------
520,설악동,11111000,128.51818,38.16705,135.58,11D20100,------
522,화촌,01111000,127.9838,37.78712,197.86,11D10302,------
523,주문진,01111000,128.82139,37.89848,8.94,11D20501,------
524,경포,01111000,128.89388,37.78638,4.0,11D20501,------
525,봉평,01110000,128.37725,37.61234,552.11,11D10503,------
526,평창,01111000,128.39469,37.37748,303.18,11D10503,------
527,신동,01111000,128.64126,37.21108,392.43,11D10502,------
529,원덕,01111000,129.28585,37.14156,36.07,11D20602,------
530,태하,01110000,130.8118,37.5151,178.0,11E00101,L1072100
531,가평북면,01111000,127.55219,37.89807,109.66,11B20404,L1011400
532,의정부,01111000,127.07349,37.73476,89.49,11B20301,L1011700
533,백사,01110000,127.48079,37.32779,83.0,11B20701,L1013000
534,장호원,01111000,127.61058,37.121,88.2,11B20701,L1013000
535,서석,01111000,128.18265,37.71701,313.5,11D10302,------
536,횡성,01111000,127.97242,37.4876,114.35,11D10402,------
537,임계,11111000,128.84589,37.48323,488.08,11D20300,------
538,신서,01111000,127.10301,38.17254,83.25,11B20402,L1011200
539,포천이동,01111000,127.36571,38.02415,137.74,11B20403,L1011300
540,고양,01111000,126.892,37.6373,44.71,11B20302,L1011500
541,남양주,01111000,127.15055,37.63405,25.36,11B20502,L1012300
542,청평,01111000,127.38017,37.68414,41.96,11B20404,L1011400
543,영종도,01111000,126.54958,37.499,25.79,11B20201,L1010800
544,전곡항,01111000,126.6544,37.18565,10.96,11B20604,L1013200
545,안산,01111000,126.83848,37.28103,5.92,11B20203,L1010400
546,경기광주,01111000,127.2592,37.43529,122.61,11B20702,L1013400
547,양동,01111000,127.75488,37.41593,108.62,11B20503,L1013500
548,여주,01111000,127.63956,37.26883,118.56,11B20703,L1013300
549,용인,01111000,127.22178,37.27011,83.0,11B20612,L1012900
550,오산,01111000,127.05271,37.1693,34.89,11B20603,L1012400
551,평택,01110000,127.10879,36.98769,27.14,11B20606,L1012500
552,김화,01111000,127.3896,38.23145,229.5,11D10101,------
553,죽정,01111000,128.41794,38.45697,8.47,11D20402,------
554,미시령,01111000,128.43713,38.21439,771.81,11D20100,------
555,화천,01111000,127.69092,38.08356,109.21,11D10102,------
556,양구,01111000,127.98527,38.09799,187.57,11D10202,------
557,기린,11111000,128.31888,37.95366,292.0,11D20100,------
558,팔봉,01111000,127.70066,37.68614,94.64,11D10302,------
559,내면,01111000,128.39728,37.77805,574.76,11D20200,------
560,진부,01111000,128.56447,37.64794,540.54,11D20200,------
561,청일,01111000,128.15275,37.58219,221.38,11D10402,------
563,북평,01111000,128.6828,37.46356,362.87,11D10502,------
565,시흥,01111000,126.77795,37.39154,5.77,11B20202,L1010500
566,연곡,01111000,128.81924,37.85155,6.53,11D20501,------
567,적성,01111000,126.93176,37.95332,71.25,11B20305,L1011800
568,일동,01111000,127.31349,37.95875,142.0,11B20403,L1011300
569,구리,01111000,127.15698,37.58224,27.15,11B20501,L1012200
570,금곡,01111000,126.64233,37.6232,33.72,11B20201,L1010800
571,화성,01111000,126.82094,37.19525,45.39,11B20604,L1013200
572,성남,01111000,127.12476,37.42093,28.65,11B20605,L1012000
573,청운,01111000,127.71352,37.55821,120.49,11B20503,L1013500
574,대신,01111000,127.58711,37.3694,36.85,11B20703,L1013300
575,용인이동,01111000,127.18766,37.1058,51.18,11B20612,L1012900
576,백암,01111000,127.36632,37.12966,111.46,11B20612,L1012900
577,장봉도,01111000,126.33654,37.53411,11.41,11B20201,L1010800
578,호도,01111000,126.26628,36.3012,8.09,11C20201,L1031400
579,하장,01110000,128.9133,37.36684,607.24,11D20300,------
580,옥계,01110000,129.02888,37.61345,58.41,11D20501,------
581,상동,01211000,128.77441,37.11663,422.1,11D10501,------
582,신림,01111000,128.07993,37.23146,328.01,11D10401,------
583,안흥,01111000,128.1551,37.46463,534.72,11D10402,------
585,신남,01111000,128.0742,37.95996,235.78,11D10201,------
586,북산,01111000,127.87694,38.03209,225.91,11D10301,------
587,방산,01111000,127.95329,38.22642,276.94,11D10202,------
588,남산,01110000,127.64289,37.79066,83.37,11D10301,------
589,고양고봉,01111000,126.79026,37.70236,59.07,11B20302,L1011500
590,과천,01111000,127.00249,37.44028,46.6,11B10102,L1010300
591,치악산,01111000,128.05047,37.41554,267.66,11D10401,------
592,부론,01111000,127.74866,37.23162,52.7,11D10401,------
593,양양영덕,01111000,128.54069,38.00731,128.31,11D20100,------
594,서화,01111000,128.21,38.2533,316.0,11D20100,------
595,진부령,01211000,128.37415,38.26414,586.53,11D20100,------
596,오색,01111000,128.49325,38.07699,240.99,11D20100,------
597,대화,01111000,128.44108,37.54548,561.85,11D10503,------
598,양주,01111000,126.9905,37.83118,87.76,11B20304,L1011600
599,광릉,01111000,127.16977,37.76172,105.82,11B20403,L1011300
600,금왕,01111000,127.58973,36.97369,131.87,11C10103,L1041100
601,단양,01111000,128.34687,37.00204,147.07,11C10202,L1041200
602,진천,01111000,127.46231,36.86338,68.0,11C10102,L1041000
603,괴산,01111000,127.77758,36.81612,120.2,11C10303,L1040400
604,옥천,01111000,127.59654,36.29995,118.05,11C10403,L1040600
605,영동,01111000,127.755,36.16,143.0,11C10402,L1040700
606,대산,01111000,126.38808,37.01061,23.22,11C20101,L1031300
607,근흥,01111000,126.13541,36.67309,6.71,11C20102,L1031100
609,삽시도,01111000,126.35623,36.33796,39.65,11C20201,L1031400
610,홍성죽도,01111000,126.44237,36.52003,16.88,11C20104,L1031600
611,세종연서,01111000,127.28056,36.56667,51.0,11C20404,L1031800
612,공주,01111000,127.13646,36.48284,24.0,11C20402,L1030300
614,서천,01111000,126.70411,36.06248,9.59,11C20202,L1031500
615,논산,01111000,127.10815,36.21164,8.15,11C20602,L1030500
616,당진,01111000,126.61739,36.88936,52.4,11C20103,L1031200
617,직산,01110000,127.14556,36.89056,27.0,11C20301,L1030200
618,청양,01110000,126.77906,36.42371,98.75,11C20502,L1030900
619,음성,01111000,127.70241,36.92297,133.44,11C10103,L1041100
620,엄정,01111000,127.90353,37.07371,65.43,11C10101,L1040800
621,수산,01111000,128.21421,36.97325,147.63,11C10201,L1040900
622,수안보,01111000,128.00791,36.83909,228.09,11C10101,L1040800
623,증평,01111000,127.562,36.7956,74.72,11C10304,L1041300
624,상당,01111000,127.6571,36.62436,224.25,11C10301,L1040100
625,속리산,01110000,127.81556,36.51639,325.0,11C10302,L1040300
626,옥천청산,01111000,127.81538,36.37052,122.63,11C10403,L1040600
627,태안,01111000,126.29641,36.75851,41.94,11C20102,L1031100
628,예산,01111000,126.81437,36.74213,38.84,11C20303,L1031000
629,세종전의,01111000,127.20047,36.69076,84.56,11C20404,L1031800
630,노은,01111000,127.79968,37.04566,109.14,11C10101,L1040800
631,송도,01111000,126.61535,37.34775,9.74,11B20201,L1010800
632,유구,11111000,126.93356,36.54069,58.83,11C20402,L1030300
633,정안,01111000,127.09383,36.55114,75.76,11C20402,L1030300
634,아산,01111000,126.86536,36.84578,29.5,11C20302,L1030400
635,양화,01111000,126.86024,36.1319,10.73,11C20501,L1030800
636,계룡,01111000,127.2407,36.3132,132.0,11C20403,L1031700
637,신평,01111000,126.82381,36.87895,9.01,11C20103,L1031200
638,영춘,01111000,128.49361,37.07778,243.0,11C10202,L1041200
639,덕산,01111000,128.14564,36.90433,282.85,11C10201,L1040900
640,청천,01111000,127.86527,36.67111,226.0,11C10303,L1040400
641,가덕,01111000,127.52388,36.5461,79.12,11C10301,L1040100
642,오월드,01111000,127.39586,36.29129,148.61,11C20401,L1030100
643,세천,01111000,127.49378,36.34019,91.34,11C20401,L1030100
644,연무,01111000,127.09004,36.13662,24.5,11C20602,L1030500
645,서부,01111000,126.51099,36.57887,16.9,11C20104,L1031600
646,춘장대,01111000,126.52845,36.17406,7.74,11C20202,L1031500
647,가곡,01110000,127.68507,36.12474,118.4,11C10402,L1040700
648,장동,01111000,127.43821,36.41347,99.9,11C20401,L1030100
649,부평,01111000,126.75072,37.47223,25.91,11B20201,L1010800
650,양지,01111000,127.27267,38.25115,187.0,11D10101,------
651,외촌,01111000,127.2057,38.27717,216.03,11D10101,------
652,연천청산,01111000,127.07267,37.98998,38.29,11B20402,L1011200
654,자월도,01111000,126.30761,37.25404,10.46,11B20201,L1010800
655,소청도,11111000,124.72912,37.76024,83.0,11A00103,L1014100
656,볼음도,01111000,126.19342,37.6873,49.15,11B20101,L1010900
657,대천항,01111000,126.50213,36.32435,31.65,11C20201,L1031400
658,만리포,01111000,126.12143,36.7683,10.0,11C20102,L1031100
659,계룡산,01111000,127.2057,36.343,831.7,11C20403,L1031700
660,면온,01111000,128.37762,37.56197,533.47,11D10503,------
661,현내,01111000,128.40191,38.54251,5.0,11D20402,------
662,승봉도,01111000,126.29695,37.17064,10.19,11B20201,L1010800
663,목덕도,01111000,125.78691,36.92863,62.53,11B20201,L1010800
664,영흥도,01111000,126.45838,37.22468,17.72,11B20201,L1010800
665,무의도,01111000,126.42521,37.39043,28.32,11B20201,L1010800
666,안도,01111000,126.16832,36.95872,32.47,11C20102,L1031100
667,옹도,01110000,126.0093,36.6476,58.0,11C20102,L1031100
669,외연도,11111000,126.07583,36.2292,17.86,11C20201,L1031400
670,양양,01111000,128.62954,38.08874,7.0,11D20403,------
671,속초조양,01110000,128.57608,38.1922,4.0,11D20401,------
672,상하,01111000,126.48836,35.44236,16.12,21F10601,L1060100
673,진영,01111000,128.7175,35.28223,20.64,11H20304,L1080900
674,사북,01111000,128.82141,37.21963,822.28,11D20300,------
675,남이섬,01111000,127.52769,37.78978,52.21,11D10301,------
676,위성센터,01111110,127.42985,36.9906,143.77,11C10102,L1041000
677,달방댐,01111000,129.0213,37.51728,120.04,11D20300,------
678,강릉성산,01111000,128.77862,37.72484,455.97,11D20200,------
679,강릉왕산,01111000,128.77297,37.61045,686.6,11D20200,------
680,평화,01111000,127.84468,38.21277,230.65,11D10102,------
681,간동,01111000,127.79064,38.0512,200.5,11D10102,------
682,임남,01111000,127.8647,38.2806,1062.0,11D10101,------
687,석곡,01111000,127.2528,35.1262,62.2,11F20602,L1050400
688,봉산,01111000,126.93914,35.26878,31.02,11F20504,L1050300
689,광주남구,01111000,126.89853,35.10082,73.11,11F20501,L1050100
690,풍산,01111000,127.13921,35.33624,98.47,11F10403,L1061000
691,정산,01111000,126.95652,36.38617,23.83,11C20502,L1030900
692,백학,01111000,126.9245,38.0404,33.24,11B20402,L1011200
694,원효봉,01111000,126.60936,36.70435,677.32,11C20303,L1031000
695,광덕산,01210000,127.43197,38.11619,1050.39,11D10102,------
696,신기,01111000,129.08614,37.34661,82.78,11D20300,------
697,서거차도,11111000,125.91829,34.25058,5.89,21F20201,L1052300
698,해제,01111000,126.28509,35.09385,25.17,21F20804,L1051800
699,무안,01111000,126.46108,34.98378,37.85,21F20804,L1051800
700,어청도,01111000,125.9682,36.12508,58.68,21F10501,L1060300
701,무주,01111000,127.66836,36.00168,212.0,11F10302,L1060700
702,익산,Y1211211,126.99252,35.93807,11.0,11F10202,L1061100
703,진안,01110000,127.43743,35.76036,354.27,11F10303,L1060600
704,변산,01111000,126.47755,35.62095,1.94,21F10602,L1060200
706,담양,01111000,126.97266,35.31021,44.67,11F20504,L1050300
707,지도,01111000,126.20839,35.05796,34.31,21F20803,L1052200
708,광산,01111000,126.74524,35.12886,29.91,11F20501,L1050100
709,구례,01111000,127.49355,35.20808,27.0,11F20601,L1050500
710,나주,01111000,126.74397,35.02504,7.82,11F20503,L1050200
711,이양,01110000,126.9898,34.89711,77.34,11F20505,L1050700
712,순천시,01110000,127.51927,34.90351,2.5,11F20603,L1051200
713,광양읍,01110000,127.58259,34.97507,14.95,11F20402,L1051100
714,자은도,01101000,126.02868,34.87909,1.96,21F20803,L1052200
716,하의도,01111000,126.03198,34.63066,2.58,21F20803,L1052200
717,의신,01111000,126.30976,34.42749,11.7,21F20201,L1052300
718,상조도,11111000,126.03646,34.33303,6.42,21F20201,L1052300
719,선유도,01111000,126.3977,35.8088,11.45,21F10501,L1060300
720,보길도,01111000,126.54991,34.15486,27.12,11F20301,L1051600
721,금일,01111000,127.02825,34.33904,4.17,11F20301,L1051600
722,조선대,01111000,126.92875,35.13681,110.87,11F20501,L1050100
723,거문도,01111000,127.30898,34.02792,6.7,11F20401,L1051000
724,추자도,01111000,126.30157,33.95783,8.1,11G00800,L1091000
725,우도,01111000,126.95414,33.52289,9.23,11G00100,L1090800
726,마라도,01111000,126.26786,33.12206,11.58,11G00500,L1090600
727,유수암,01110000,126.39293,33.40986,425.21,11G00901,L1091100
730,장성,11111000,126.7611,35.2794,43.95,11F20502,L1050600
731,영암,01111000,126.68634,34.81666,4.58,21F20802,L1051700
732,보성,01111000,127.09209,34.76192,145.53,11F20404,L1050900
733,함라,01110000,126.8917,36.0461,49.12,11F10202,L1061100
734,완주,01211000,127.24573,35.98551,64.36,11F10204,L1060500
735,덕유산,01111000,127.77306,35.89424,660.36,11F10302,L1060700
736,진봉,01111000,126.78401,35.84679,2.16,21F10502,L1060400
737,김제,01110000,126.87765,35.80905,54.61,21F10502,L1060400
738,줄포,01111000,126.67388,35.57948,16.0,21F10602,L1060200
739,심원,01111000,126.54668,35.52254,12.57,21F10601,L1060100
741,화순,01111000,126.98515,35.05671,94.82,11F20505,L1050700
742,운남,01111000,126.33064,34.93889,12.0,21F20804,L1051800
743,비금,01110000,125.94688,34.77258,8.2,21F20803,L1052200
744,산이,01111000,126.43646,34.67254,5.59,21F20302,21F20302
745,성전,01111000,126.72554,34.68504,49.0,11F20303,L1051400
746,땅끝,01110000,126.5159,34.38184,8.82,11F20302,L1051500
747,청산도,01111000,126.85801,34.18292,24.76,11F20301,L1051600
748,벌교,01111000,127.3631,34.83694,1.6,11F20404,L1050900
749,도양,01111000,127.12715,34.53471,24.96,11F20403,L1050800
750,백야,01111000,127.63568,34.62781,23.0,11F20401,L1051000
751,와산,01110000,126.69387,33.47934,248.0,11G00900,11G00900
752,서광,01110000,126.30599,33.30456,188.42,11G01001,L1091200
753,어리목,01110000,126.4959,33.39304,967.83,11G00300,L1090500
754,함평,11111000,126.52732,35.06037,10.42,21F20101,L1051900
755,백아면,01111000,127.08534,35.15959,187.32,11F20505,L1050700
756,위도,01111000,126.28199,35.60152,4.22,21F10602,L1060200
757,진안주천,01111000,127.43596,35.97436,269.51,11F10303,L1060600
758,동향,01111000,127.57117,35.83521,320.61,11F10303,L1060600
759,뱀사골,01111000,127.57826,35.37162,478.65,11F10401,L1061400
760,복흥,01111000,126.9327,35.42739,281.93,11F10403,L1061000
761,태인,01111000,126.93462,35.65081,14.7,11F10203,L1061200
762,임실강진,01111000,127.18695,35.55169,146.5,11F10402,L1060900
763,여산,01111000,127.062,36.0592,38.0,11F10202,L1061100
764,신덕,01111000,127.14143,35.67359,211.79,11F10402,L1060900
765,복내,01111000,127.13448,34.89234,109.9,11F20404,L1050900
766,여수산단,01111000,127.71496,34.84946,78.86,11F20401,L1051000
767,포두,01111000,127.39745,34.58853,3.72,11F20403,L1050800
768,곡성,01111000,127.28531,35.28886,100.48,11F20602,L1050400
769,염산,01111000,126.38336,35.19932,5.4,21F20102,L1052000
770,다도,01111000,126.82001,34.92863,99.0,11F20503,L1050200
771,안좌,01111000,126.14463,34.72693,3.36,21F20803,L1052200
772,수유,01111000,126.23964,34.53208,1.35,21F20201,L1052300
773,학산,01111000,126.63593,34.7085,72.11,21F20802,L1051700
774,전남도청,01111000,126.46618,34.81747,11.17,21F20804,L1051800
775,월야,01111000,126.63538,35.1777,35.38,21F20101,L1051900
776,현산,01111000,126.5571,34.45996,17.0,11F20302,L1051500
777,관산,01111000,126.93462,34.55633,37.1,11F20304,L1051300
778,유치,01111000,126.8218,34.79594,96.16,11F20304,L1051300
779,한림,01110000,126.25809,33.39268,38.79,11G00500,L1090600
780,제주남원,01110000,126.70438,33.27718,25.86,11G00400,L1090900
781,구좌,01110000,126.8777,33.5199,17.18,11G00100,L1090800
782,성판악,01110000,126.6194,33.38514,760.47,11G00300,L1090500
783,과기원,01111000,126.84077,35.23027,30.59,11F20501,L1050100
784,시종,01111000,126.61258,34.87718,22.08,21F20802,L1051700
785,북일,01111000,126.6763,34.46383,13.04,11F20302,L1051500
786,돌산,01111000,127.77409,34.63811,17.0,11F20401,L1051000
787,도화,01111000,127.31716,34.50672,12.3,11F20403,L1050800
788,풍암,01111000,126.88132,35.13159,64.98,11F20501,L1050100
789,압해도,01111000,126.2929,34.87643,8.91,21F20803,L1052200
790,나로도,01111000,127.46735,34.53258,135.19,11F20403,L1050800
791,피아골,01111000,127.58376,35.26621,410.15,11F20601,L1050500
792,표선,01111000,126.81682,33.3536,80.47,11G00100,L1090800
793,대정,01111000,126.22626,33.24101,2.64,11G00500,L1090600
794,황전,01111000,127.42739,35.10066,75.99,11F20603,L1051200
795,옥과,01111000,127.13899,35.27532,86.65,11F20602,L1050400
796,초도,01111000,127.24476,34.23775,37.52,11F20401,L1051000
797,하태도,01111000,125.29953,34.39498,35.63,11F20701,L1052400
798,홍도,01111000,125.19236,34.68551,23.21,11F20700,11F20700
799,낙월도,01111000,126.13494,35.20198,19.46,21F20102,L1052000
800,평해,01111000,129.44368,36.72566,6.43,11H10101,L1072310
801,영양,01110000,129.088,36.62497,217.0,11H10403,L1071910
802,온정,01111000,129.34008,36.75743,142.31,11H10101,L1072310
803,옥산,01111000,128.81147,36.3947,219.79,11H10502,L1071700
804,청하,01111000,129.33921,36.19056,37.23,11H10201,L1072400
805,죽장,01111000,129.09434,36.17929,227.04,11H10201,L1072400
806,선산,01111000,128.2903,36.23336,41.05,11H10602,L1070300
807,의흥,01111000,128.69318,36.17966,114.26,11H10707,L1070200
808,호미곶,01110000,129.56673,36.07597,11.41,11H10201,L1072400
809,대덕,01111000,127.97919,35.93544,205.1,11H10601,L1071100
810,성주,01111000,128.2985,35.92552,39.43,11H10605,L1070900
811,황성,01211000,129.20929,35.86299,32.36,11H10202,L1072500
812,고령,01110000,128.28214,35.69603,41.19,11H10604,L1070800
813,청도,01111000,128.73183,35.65404,77.53,11H10704,L1070700
814,부석,01111000,128.66103,36.97916,302.79,11H10401,L1071600
815,예천,01111000,128.46461,36.65996,102.13,11H10303,L1071400
816,구룡포,01111000,129.5475,35.9831,42.37,11H10201,L1072400
817,수비,01111000,129.22121,36.78267,381.39,11H10800,L1071920
818,마성,01111000,128.14792,36.70781,217.28,11H10301,L1071300
819,예안,01111000,128.88641,36.65875,203.21,11H10501,L1071500
820,하회,01111000,128.52665,36.54819,75.76,11H10501,L1071500
821,공성,01111000,128.07393,36.28187,91.11,11H10302,L1071200
822,김천,01111000,128.1552,36.11987,79.24,11H10601,L1071100
823,군위,01111000,128.55577,36.24934,81.56,11H10707,L1070200
824,가산,01111000,128.50008,36.0956,114.95,11H10600,L1071000
825,칠곡,01111000,128.3813,36.03977,29.79,11H10600,L1071000
826,신녕,01111000,128.79003,36.04709,130.98,11H10702,L1070400
827,경산,01111000,128.743,35.82425,61.21,11H10703,L1070500
828,달성,01111000,128.42384,35.69018,24.93,11H10701,L1070100
829,외동,01111000,129.31815,35.71214,72.92,11H10202,L1072500
830,기계,01111000,129.19957,36.06887,45.06,11H10201,L1072400
831,석포,01110000,128.99708,37.04012,663.05,11H10800,L1072020
832,단북,01111000,128.42855,36.39066,67.0,11H10502,L1071700
833,은척,01111000,128.04189,36.53829,174.74,11H10302,L1071200
834,화서,01111000,127.9442,36.44122,284.66,11H10302,L1071200
835,봉화읍,01111000,128.71601,36.89316,185.0,11H10402,L1072010
836,현서,01111000,128.89601,36.27943,316.4,11H10503,L1071800
837,이산,01111000,128.6429,36.8268,187.18,11H10401,L1071600
838,동로,01111000,128.27046,36.79066,451.67,11H10301,L1071300
839,길안,01111000,128.89544,36.45834,129.33,11H10501,L1071500
840,하양,01111000,128.8144,35.9126,71.0,11H10703,L1070500
841,화북,01111000,128.91106,36.08494,138.88,11H10702,L1070400
842,산내,01111000,129.011,35.7576,170.66,11H10202,L1072500
843,금강송,01111000,129.25013,36.93611,219.97,11H10800,L1072310
844,영덕읍,01111000,129.35859,36.43551,22.38,11H10102,L1072200
845,대구북구,01111000,128.59068,35.90842,30.18,11H10701,L1070100
846,대구서구,01111000,128.53095,35.86509,76.37,11H10701,L1070100
847,소보,01111000,128.46637,36.27623,70.41,11H10707,L1070200
848,청도금천,01111000,128.89534,35.67916,104.4,11H10704,L1070700
849,지보,01111000,128.3871,36.54689,85.04,11H10303,L1071400
850,감포,01110000,129.49062,35.78471,6.67,11H10202,L1072500
851,소곡,01111000,129.35206,37.05137,79.82,11H10101,L1072310
852,죽변,01111000,129.426,37.0606,41.0,11H10101,L1072310
853,팔공산,01111000,128.62129,36.01827,568.37,11H10600,L1071000
854,삼동,01111000,129.13565,35.49529,166.84,11H20101,L1082900
855,가파도,01111000,126.26833,33.1733,4.25,11G00500,L1090600
856,광양백운산,01111000,127.59815,35.1018,514.84,11F20402,L1051100
857,완도읍,01111000,126.71737,34.29995,8.46,11F20301,L1051600
858,지산,01110000,126.17006,34.42956,34.67,21F20204,21F20204
859,토함산,01111000,129.36873,35.7549,475.0,11H10202,L1072500
860,신암,01111000,128.61903,35.88515,58.81,11H10701,L1070100
861,제주김녕,01111000,126.77295,33.55563,21.0,11G00100,L1090800
862,송당,01111000,126.77919,33.47056,196.63,11G00900,11G00900
863,외도,01111000,126.43165,33.47688,52.65,11G00200,L1090700
864,완산,01211110,127.15497,35.82149,54.51,11F10201,L1061300
865,오등,01111000,126.52202,33.45766,233.9,11G00901,L1091100
867,삼각봉,01111000,126.53049,33.37694,1503.33,11G00300,L1090500
868,사제비,01111000,126.49802,33.37598,1397.53,11G00300,L1090500
869,영실,11111000,126.4964,33.34832,1260.2,11G00300,L1090500
870,진달래밭,11111000,126.55571,33.36978,1488.56,11G00300,L1090500
871,윗세오름,11111000,126.51811,33.3623,1675.81,11G00300,L1090500
872,지리산,11111000,127.75642,35.31924,869.44,11H20703,L1081600
874,동송,01111000,127.21965,38.14163,163.22,11D10101,------
875,설악산,01111000,128.4606,38.1211,1595.71,11D20100,------
876,삼척,01111000,129.16214,37.45003,57.07,11D20602,------
877,문막,01111000,127.80486,37.31339,59.23,11D10401,------
878,도계,11110000,129.09609,37.22379,817.04,11D20300,------
881,새만금,01111000,126.52885,35.72945,10.49,21F10602,L1060200
882,상무대,01111000,126.60423,35.25179,106.65,11F20502,L1050600
883,새별오름,01111000,126.35989,33.36233,435.0,11G00901,L1091100
885,한남,01111000,126.67846,33.33143,244.29,11G01000,11G01000
886,군산산단,01111000,126.59117,35.95048,5.79,21F10501,L1060300
888,청남대,01110000,127.49074,36.46267,96.8,11C10301,L1040100
889,현충원,01111000,126.97652,37.50036,16.23,11B10101,L1010100
890,제주가시리,01111000,126.73362,33.38535,275.2,11G01001,L1091200
892,성산수산,01111000,126.85127,33.45011,102.47,11G00100,L1090800
893,애월,01111000,126.32745,33.46592,5.24,11G00200,L1090700
896,군포금정,W0000000,126.93534,37.36148,84.71,11B20610,L1012600
897,의왕이동,W0000000,126.96884,37.34452,80.4,11B20609,L1012700
898,장생포,11111000,129.386,35.50482,1.57,11H20101,L1082900
899,마산회원,11111000,128.58215,35.22354,33.3,11H20301,L1080600
900,두서,01111000,129.14356,35.62027,117.49,11H20101,L1082900
901,울기,01111000,129.43531,35.48678,67.64,11H20101,L1082900
902,시천,01111000,127.81897,35.24229,137.13,11H20703,L1081600
903,도천,01111000,128.51486,35.40387,14.86,11H20604,L1081300
904,사상,01111000,128.97505,35.16944,0.73,11H20201,L1082600
905,양산상북,01111000,129.04288,35.4414,83.57,11H20102,L1080500
906,화개,01111000,127.64269,35.23236,89.59,11H20704,L1081500
907,삼천포,01111000,128.06313,34.93211,29.46,11H20402,L1082100
908,진해,01111000,128.7537,35.11221,11.74,11H20301,L1080600
909,서이말,01111000,128.73825,34.78774,109.74,11H20403,L1082200
910,영도,01111000,129.07421,35.06609,138.96,11H20201,L1082600
911,매물도,01111000,128.57715,34.64893,69.02,11H20401,L1082000
912,백천,01111000,127.77836,35.52627,140.33,11H20501,L1081700
913,상주면,01111000,127.98155,34.7238,19.65,11H20405,L1082400
914,서하,01111000,127.71556,35.63763,353.86,11H20501,L1081700
915,삼가,01111000,128.10178,35.41353,85.28,11H20503,L1081900
916,단성,01111000,127.96696,35.31111,55.0,11H20703,L1081600
917,사천,01111000,128.06768,35.03694,25.79,11H20402,L1082100
918,고성,01111000,128.33089,34.99052,7.03,11H20404,L1082300
919,창녕,01111000,128.47669,35.55142,30.0,11H20604,L1081300
920,함안,01111000,128.39942,35.29613,8.39,11H20603,L1081200
921,가덕도,01111000,128.83141,34.99308,75.63,11H20201,L1082600
922,단장,01111000,128.92911,35.48645,138.03,11H20601,L1081000
923,기장,01111000,129.25113,35.27505,65.99,11H20201,L1082600
924,간절곶,01111000,129.36028,35.35866,22.23,11H20101,L1082900
925,생림,01111000,128.82299,35.37435,8.68,11H20304,L1080900
926,진북,01111000,128.47483,35.12624,13.33,11H20301,L1080600
927,송백,01111000,128.88365,35.58197,126.74,11H20601,L1081000
929,개천,01111000,128.30701,35.11369,129.52,11H20404,L1082300
930,사량도,01111000,128.23814,34.80992,6.64,11H20401,L1082000
931,욕지도,01111000,128.27351,34.6223,76.04,11H20401,L1082000
932,하동,01111000,127.76664,35.06058,4.47,11H20704,L1081500
933,금남,01111000,127.83238,34.99676,32.22,11H20704,L1081500
934,수곡,01111000,127.92848,35.2214,82.8,11H20701,L1081400
935,청덕,01111000,128.34114,35.56979,23.63,11H20503,L1081900
936,신포,01111000,128.2023,35.33263,61.21,11H20602,L1081100
937,해운대,01110000,129.16235,35.17611,63.72,11H20201,L1082600
938,부산진,01111000,129.01929,35.15888,114.38,11H20201,L1082600
939,금정구,01111000,129.10348,35.2932,49.26,11H20201,L1082600
940,동래,01111000,129.09013,35.20914,70.07,11H20201,L1082600
941,북구,01111000,129.00258,35.21304,6.94,11H20201,L1082600
942,부산남구,01111000,129.08841,35.11863,124.26,11H20201,L1082600
943,매곡,01110000,129.37502,35.66706,460.23,11H20101,L1082900
944,길곡,01111000,128.57005,35.38516,10.05,11H20604,L1081300
945,대병,01111000,127.9901,35.53452,231.31,11H20503,L1081900
946,북상,01111000,127.81826,35.78,324.25,11H20502,L1081800
947,명사,01111000,128.5908,34.72193,30.51,11H20403,L1082200
948,삼장,01111000,127.83448,35.31074,140.43,11H20703,L1081600
949,정자,01111000,129.4412,35.6375,8.0,11H20101,L1082900
950,사하,01110000,128.98393,35.09004,127.0,11H20201,L1082600
951,내장산,01111000,126.90733,35.50869,105.9,11F10203,L1061200
953,장목,01111000,128.67977,34.99839,30.87,11H20403,L1082200
954,온산,01111000,129.36011,35.43103,53.92,11H20101,L1082900
955,서수도,70011000,126.39333333,37.325,18.0,11B20201,L1010800
956,가대암,70011000,125.9767,36.77,16.0,11C20102,L1031100
957,십이동파,70011000,126.225,35.98666667,95.0,21F10501,L1060300
958,갈매여,70011000,126.245,35.61333333,15.0,21F10602,L1060200
959,해수서,70011000,126.02666667,34.26333333,12.0,21F20201,L1052300
960,지귀도,70011000,126.6542,33.22333,18.0,11G00400,L1090900
961,간여암,70011000,127.85778,34.285,27.0,11F20401,L1051000
963,이덕서,70011000,129.475,35.5667,16.0,11H20101,L1082900
964,마량,01111000,126.81574,34.45902,49.92,11F20303,L1051400
965,한라산남벽,01110000,126.53303,33.35237,1576.0,11G00300,L1090500
966,풍도,00111000,126.3856,37.1161,38.0,11B20203,L1010400
967,도리도,00111000,126.6128,37.1189,70.0,11B20200,11B20200
970,철원장흥,Y1111000,127.25024,38.2016,179.45,11D10101,------
972,안동옥동,Y1111111,128.6834,36.54983,88.62,11H10501,L1071500
973,화순능주,Y1111111,126.94961,35.0233,39.64,11F20505,L1050700
974,대곡,Y1210221,128.15605,35.24435,16.78,11H20701,L1081400
977,오창가곡,Y1210111,127.46688,36.72455,40.35,11C10301,L1040100
978,춘천신북,Y1210111,127.77626,37.95461,140.37,11D10301,------
980,강정,Y1111211,126.48917,33.25992,135.0,11G00400,L1090900
984,오륙도,70011000,129.12666,35.09129,35.9,11H20201,L1082600
989,안덕화순,01111000,126.32992,33.25792,91.2,11G00400,L1090900
990,낙천,01111000,126.2305,33.31822,77.67,11G00500,L1090600
991,옥포,01111000,128.44562,35.80279,27.5,11H10701,L1070100
992,하빈,01111000,128.4464,35.9062,35.5,11H10701,L1070100
993,제주금악,01111000,126.30985,33.34225,279.0,11G00900,11G00900
994,심포,01111000,126.64211,35.85446,3.0,21F10502,L1060400
995,오천,01111000,129.38223,35.9286,80.32,11H10201,L1072400
996,화동,01111000,127.89492,36.37207,360.46,11H10302,L1071200
